# repository	measured_at_head	label	tag (date)	closure	closure_id	label read from
psf/requests	611c6162cbc4	0.13.2	v0.13.3 (2012-07-12)	5f8d9eb988f8ae4e	737e707167a58da31797eb64bf58db149b9cc399f9ed37db638356da8264c78a	requests/__init__.py; requests/__version__.py; setup.py; src/requests/__version__.py
psf/requests	611c6162cbc4	0.13.2	v0.13.2 (2012-06-28)	f5de6e2f6a4f40ba	80a7ae71913f595811559c8fd6828b1c74ad2871a22393f02fed3a0ebcb3e802	requests/__init__.py; requests/__version__.py; setup.py; src/requests/__version__.py
psf/requests	611c6162cbc4	1.2.3	v1.2.3 (2013-05-25)	1b16492a7fa8a0dc	4ed02ee12d46ac0a84fc1b2887efe35f333eba1738db1e9114d14406a7b3ced0	requests/__init__.py; requests/__version__.py; setup.py; src/requests/__version__.py
psf/requests	611c6162cbc4	1.2.3	2.0 (2013-07-31)	4c31d6535535d923	72cbcbf2a329d31f94d741190f585b552e51ca40fb91cb65bd436a588b185330	requests/__init__.py; requests/__version__.py; setup.py; src/requests/__version__.py
psf/requests	611c6162cbc4	2.16.0	v2.16.0 (2017-05-26)	3d2886b87c2a7b94	313d529797881224c30368f204c24852bf89c797934219cb5085d56192cf47cc	requests/__init__.py; requests/__version__.py; setup.py; src/requests/__version__.py
psf/requests	611c6162cbc4	2.16.0	v2.16.1 (2017-05-27)	696b71ed6023f563	cca5f08e1ed85ecbcc1fc632463daad9648a66664f5fdf997e34a3c0cafeaa6c	requests/__init__.py; requests/__version__.py; setup.py; src/requests/__version__.py
python-cffi/cffi	a077bdd48919	1.14.4	v1.14.4-1 (2020-11-29)	693feb925c9c2f15	87744039f8fc3b757353a42339d9a5150f0aac828e2a6a6ac1d3bfa190194056	pyproject.toml; setup.py
python-cffi/cffi	a077bdd48919	1.14.4	v1.14.4 (2020-11-24)	d6d37cc4079d7f93	d7d3a3bc30f6b89cfc40b25fdcdf1b4cd56420b7c328b85518a9fcc8f1c0b6e8	pyproject.toml; setup.py
pygments/pygments	156d85fdd18d	0.9	0.9 (2007-10-14)	0f991985db5b6f86	522fd61633130f2712d2989593367f46b7610768ddaa8a8b8aaddf9971e9b171	pygments/__init__.py; setup.py
pygments/pygments	156d85fdd18d	0.9	0.8.1 (2007-06-27)	aa708c4c533dbbed	12ac111e16f1a38b7d69666be39d769940371ac51bc0f7491fd74bb323a9ec91	pygments/__init__.py; setup.py
yaml/pyyaml	34a9bf82357f	3.02	3.02 (2006-05-15)	75f2abd105db15ff	47a9983dbbe699e512c99db720d5b1c62b7266d64907271556fe1e82775f84b4	lib/yaml/__init__.py; setup.py
yaml/pyyaml	34a9bf82357f	3.02	3.03 (2006-06-18)	f3d50cc2fafdf37e	bc7402353a1ad78a1af6775676aa404b8b420e5e1e88596bdfa379cb4efc8804	lib/yaml/__init__.py; setup.py
yaml/pyyaml	34a9bf82357f	3.09	3.10 (2011-05-29)	35c2648ff503da83	eda5a972b68b13b93fc60857548b78d476434368886d78ebc80be3402db806ed	lib/yaml/__init__.py; setup.py
yaml/pyyaml	34a9bf82357f	3.09	3.09 (2009-08-30)	fdf4e887e0aefabf	5451a7efb8cad29be1a9d268ab43bd3fceeccce7dac53c14cd357ec5e4b60c88	lib/yaml/__init__.py; setup.py
yaml/pyyaml	34a9bf82357f	4.2	4.2b2 (2018-06-29)	5f8c37295f88f677	9ca6e0a0f5d1aec3b9743a0d6c4e6275fbe6f360acab9e55975808f5dd1a5a6b	lib/yaml/__init__.py; setup.py
yaml/pyyaml	34a9bf82357f	4.2	4.2b1 (2018-06-28)	634db4a8189583ea	b47ba50f102c0023c370f82e456b9a94a1aa879207172044afc43d2ea1215993	lib/yaml/__init__.py; setup.py
pydantic/pydantic	e87e11b7a740	2.13.0b3	core-v2.43.0 (2026-04-30)	12620f27c4c34ce0	1cf78768cbb5e3bd019b7aa02201f441e3a11d2407dcd0d8ae0ba62fca2110dd	pydantic/version.py
pydantic/pydantic	e87e11b7a740	2.13.0b3	v2.13.0b3 (2026-03-31)	bfd23c52896ed894	89c18967d8f329849ea274ff38cb62472660203092b3078b690bb6dc25e5b210	pydantic/version.py
pydantic/pydantic	e87e11b7a740	2.13.0b3	core-v2.44.0 (2026-04-30)	d8a89e16ee8ea232	f084fc89891e530be05f5beb157a75e6b86c8f178c5c9ed06666e0b03b48d48b	pydantic/version.py
pallets/click	06b2a6787411	3.3	3.3 (2014-09-07)	e9bb198248f5a22a	6a5f6abe7a5a09db919eee40f773c2e77955cd0bf9db4f8553b512fd24b44506	click/__init__.py; pyproject.toml; setup.py; src/click/__init__.py
pallets/click	06b2a6787411	3.3	3.x (2024-10-24)	eb61e56ddaab02c2	dd64d1f51e04fd61836079edd282fadeeb8e26c2de529e5e639840318e97d481	click/__init__.py; pyproject.toml; setup.py; src/click/__init__.py
pallets/click	06b2a6787411	6.7	6.x (2024-10-24)	01242a01efd1d875	5913b26b836939b5277f906d741bcb7255c5643df945612fe35b396bdb94becc	click/__init__.py; pyproject.toml; setup.py; src/click/__init__.py
pallets/click	06b2a6787411	6.7	6.7 (2017-01-06)	a0170829f2c21b03	5e897ea94348df2ef8a88860593c0476d6be6ff69393715aeb98f5da2aae71ca	click/__init__.py; pyproject.toml; setup.py; src/click/__init__.py
pallets/click	06b2a6787411	7.1.2	7.x (2024-10-24)	73cbb372121c0111	0de9c7f832ea53e83e76ef527bd267cded609a26684d767731e7ad86d43e9552	click/__init__.py; pyproject.toml; setup.py; src/click/__init__.py
pallets/click	06b2a6787411	7.1.2	7.1.2 (2020-04-27)	84e3a6e462d8da0b	3e8feeded3ae839c5e4679acb306d58fdd503edb3e068d184454c35c1ba007a3	click/__init__.py; pyproject.toml; setup.py; src/click/__init__.py
numpy/numpy	2545ec71ff33	2.0.0.dev0	v2.1.0.dev0 (2024-03-08)	58aada50ad7a4090	3504337275f9ec031f7e7e01b37420ee9695e82cdc86c894c09d427a35de98f3	(the tag); numpy/version.py; pyproject.toml
numpy/numpy	2545ec71ff33	2.0.0.dev0	v2.0.0.dev0 (2023-05-24)	e9fb2af10b5cd7d4	b487ab379b9829c801ed3ddcf3382a8b626e81602f9e9f1862c0e53152710253	(the tag); numpy/version.py; pyproject.toml
annotated-types/annotated-types	ceb950e81a79	0	v0.3.1 (2022-09-25)	9d7c1f3e63b6154e	c4b7539f5f8ed4bbededeae3a8cddbfebf6c4d2a0964339d27f6cb84bd02364e	annotated_types/__init__.py; pyproject.toml
annotated-types/annotated-types	ceb950e81a79	0	v0.2.0 (2022-05-19)	af766c86d137c432	e2bc00de55dc67145c9595051b757f68ea95a3ea16d8742d5c3145a22cb2855d	annotated_types/__init__.py; pyproject.toml
annotated-types/annotated-types	ceb950e81a79	0	v0.3.0 (2022-09-24)	bb941cc03990b5ee	ebae01443f59528d3136706abccd5a3034c59952ced599e8701e44928c724e8b	annotated_types/__init__.py; pyproject.toml
aio-libs/aiobotocore	3463973f1854	0.0.1	0.0.2a (2015-06-01)	1cca9e48c190858f	ecb8ab48730c4f7a14577861b895f18daabaae1fb6c01671ded4d92c7f96d02e	aiobotocore/__init__.py
aio-libs/aiobotocore	3463973f1854	0.0.1	0.0.1a (2015-05-31)	2ee2578919de5c8a	abedf0ddcca59f21faadd1a80053e129ae34ea8ca6ca3183a8cfeb111cb65662	aiobotocore/__init__.py
aio-libs/aiobotocore	3463973f1854	0.0.1	0.0.3a (2015-08-12)	ff8f29da4d25a43a	329b538e4fdb5bf44f7e0c42890155e6b84859a8ec01810362f500f8f96b9e7f	aiobotocore/__init__.py
pallets/markupsafe	4e111271b149	1.1.1	1.1.1 (2019-02-23)	18a7f5bf5de50261	f8de7480801a5d6f505e9403eb56bb27f1ac2eb02af4cb8099c009958e375f0f	markupsafe/__init__.py; pyproject.toml; setup.py; src/markupsafe/__init__.py
pallets/markupsafe	4e111271b149	1.1.1	1.1.x (2024-10-16)	516301e5eca4e0b2	4aac48186f9ed55f843252b6f98eec17a372fddbd40a6ded8e481b9e97272009	markupsafe/__init__.py; pyproject.toml; setup.py; src/markupsafe/__init__.py
pallets/markupsafe	4e111271b149	2.0.1	2.0.x (2024-10-16)	17fd9263b2ac772b	29d1daf104d4897b1cd452356143a9d4bb9bcf652d3e9bb5a830c1f7aec23bc6	markupsafe/__init__.py; pyproject.toml; setup.py; src/markupsafe/__init__.py
pallets/markupsafe	4e111271b149	2.0.1	2.0.1 (2021-05-18)	32f59498af18b548	16f73380e5c63e5749105c065ff1c7f96b2cfae424fff750f3e22a535b13ff6c	markupsafe/__init__.py; pyproject.toml; setup.py; src/markupsafe/__init__.py
encode/httpcore	10a658221deb	0.14.0	0.14.0 (2021-11-11)	3d30b771dc0516fd	761589a2e94e968a526074bcf089dc857138354962a1c6acd841f3165298f5d8	httpcore/__init__.py
encode/httpcore	10a658221deb	0.14.0	0.14.1 (2021-11-12)	51a97c1efa50d386	8901eaf508a9aa235e9797e7650eb44099aadeb1bd3cce8a38d13f83694e638a	httpcore/__init__.py
pallets/jinja	5ef70112a1ff	2.10.3	2.10.3 (2019-10-04)	2f8318f48a001966	e6bc6a1e7a51a32ca1e5ce18a24403753b89633ff5589ef92201df65339272a7	jinja2/__init__.py; setup.py; src/jinja2/__init__.py
pallets/jinja	5ef70112a1ff	2.10.3	2.10.x (2022-03-11)	a860c9ad57913cb4	15afb6719abf2ecbbe81231baf8f0fb1c3bc18037f72ec8a4b14e8c8873cc53f	jinja2/__init__.py; setup.py; src/jinja2/__init__.py
pallets/jinja	5ef70112a1ff	3.0.3	3.0.x (2022-03-24)	820c47c86fea6bd1	62f63913be36104e72fe77ec145117bd13a593177a44c09bbb53d4bcbf4ca025	jinja2/__init__.py; setup.py; src/jinja2/__init__.py
pallets/jinja	5ef70112a1ff	3.0.3	3.0.3 (2021-11-09)	8936358d435c430d	5b1978f64e07111d8bb1d487dc1784c949dd3feaf4e85fe4c43620320c0b6ae4	jinja2/__init__.py; setup.py; src/jinja2/__init__.py
Kludex/starlette	7cb2f09c1858	0.2.1	0.2.1 (2018-08-30)	3ab684e9bd2861f1	98d2e72033b9929b0a60e201501e5c968abbbea0b9241e8f0846ee02119fea34	starlette/__init__.py
Kludex/starlette	7cb2f09c1858	0.2.1	0.2.2 (2018-08-30)	80e85d091d9f29d9	d0ea3a6d085dc983d14586256c9e90462e3de21ddcb2039e9c395f2d050155b6	starlette/__init__.py
crate-py/rpds	e3fb76df3efd	0.10.0	v0.10.1 (2023-09-04)	a9e30bd5390c03e5	860d735024b195c1b9c8857514ed4fc23727d89fd743276db5ee42a28151f47f	Cargo.toml
crate-py/rpds	e3fb76df3efd	0.10.0	v0.10.0 (2023-08-28)	da92b2af654e66a6	ed229aa896f4d132be6b1c8c92f90cb093b14a7f9f46b8a08dc0c6d316fc1896	Cargo.toml
crate-py/rpds	e3fb76df3efd	0.15.2	v0.16.0 (2023-12-28)	1e2f2e0f7b7c533d	869e30180fa7831f5da675cbabfc9127fe51c366b182d6428df6739e8bad7fc2	Cargo.toml
crate-py/rpds	e3fb76df3efd	0.15.2	v0.15.2 (2023-12-17)	fe549fe9e22aefc1	4835dcd08940deadff0a44f484d18529145a6185dffe4680b498d60af5fe97c5	Cargo.toml
crate-py/rpds	e3fb76df3efd	0.16.2	v0.16.2 (2023-12-28)	1e2f2e0f7b7c533d	869e30180fa7831f5da675cbabfc9127fe51c366b182d6428df6739e8bad7fc2	Cargo.toml
crate-py/rpds	e3fb76df3efd	0.16.2	v0.17.0 (2024-01-12)	7b73d9c21908963a	40ff96959f407a9a718e542d2228e28c4661a7d66a074e4f6db93461b87b067d	Cargo.toml
crate-py/rpds	e3fb76df3efd	0.7.1	v0.8.0 (2023-07-05)	00c3fefc10f4e7ac	ae44d6bf43c1e8a24d0eefae00755cd2e65b17fe7564d933fea4b72e66a72f3b	Cargo.toml
crate-py/rpds	e3fb76df3efd	0.7.1	v0.7.1 (2023-03-20)	37e5f504cf795f23	f76117b32cb50e93c950c48cf2fc1fc76027d91144acd77db6be3fac58a9456a	Cargo.toml
aio-libs/yarl	40594eb94159	1.7.2	v1.8.0--failed-release-attempt (2022-07-30)	d6543cccf03b6553	37e67c843d138686e9a6a04112df4f57d4a32faf897543037eb24f961e5c4a1b	yarl/__init__.py
aio-libs/yarl	40594eb94159	1.7.2	v1.7.2 (2021-11-01)	fe7ff1c9a3ff6cc2	950b7ec5d4b3d661b8179625433d49179988501f5f6bf0f601b046f58c0aec53	yarl/__init__.py
aio-libs/aiohttp	b1f6c87b2bd3	0.21.2	v0.21.3 (2016-03-12)	140d88f448e0c3a4	351d16066a38d0a4c7020aca47fab58f074ad2745b2545fbf4e72bab5b2882b4	aiohttp/__init__.py; setup.py
aio-libs/aiohttp	b1f6c87b2bd3	0.21.2	v0.21.2 (2016-02-16)	7197d11717701080	bb10b099657d4d09a9f9227a2cd3110b7773248c8416c70b483fff9b360b06a2	aiohttp/__init__.py; setup.py
aio-libs/aiohttp	b1f6c87b2bd3	2.0.2	2.0.3 (2017-03-24)	74b524b901de1569	9c3b3a74cd8058a088d978ad390f0e0928dcdb5437880a553ab35e7af74fedc7	aiohttp/__init__.py; setup.py
aio-libs/aiohttp	b1f6c87b2bd3	2.0.2	2.0.2 (2017-03-21)	afa711b1a375ee8e	57b6e43d1973f6499978bcef560b21935621dde95d9efa987b964534571d208d	aiohttp/__init__.py; setup.py
aio-libs/aiohttp	b1f6c87b2bd3	3.4.0a0	v3.4.0a1 (2018-08-19)	d692ae52dd5c262a	a5ca86f74c8dd7509bf2ef3832021317bb8bd70d6c087eff639cfb30d02819bd	aiohttp/__init__.py; setup.py
aio-libs/aiohttp	b1f6c87b2bd3	3.4.0a0	v3.4.0a0 (2018-08-11)	f47e462c060ccd47	e551345219e1aaa713fc340ba6e29e31b6c3580fac29de499db5af8b5592de3d	aiohttp/__init__.py; setup.py
aio-libs/aiohttp	b1f6c87b2bd3	3.8.1	v3.8.2a0 (2022-09-20)	5c1ee4344118b4ea	361716f42465b21d573bec789d4d0a5a233f96d652c804f428fff86e564d6573	aiohttp/__init__.py; setup.py
aio-libs/aiohttp	b1f6c87b2bd3	3.8.1	v3.8.1 (2021-11-14)	8f55dcf1d0060083	93953c61dd34f10b43b25120708d0ba85c14344d2a84d5de143be9ce1d209dec	aiohttp/__init__.py; setup.py
Textualize/rich	9d8f9a372cc5	0.8.8	v0.8.9 (2020-04-12)	60a4b8f2cdeb68af	39c87319c19c4b2dcb64646c7fcba8876f5a1c1fdc40c1da9d8c8f6591abb4f9	pyproject.toml
Textualize/rich	9d8f9a372cc5	0.8.8	v0.8.8 (2020-03-31)	cbfe3d7b2d1843c4	fbfd14f7d99c02bc3dfeab56b725bb32fda373889beb04f3a75ac335c7664010	pyproject.toml
Textualize/rich	9d8f9a372cc5	10.15.0	v10.15.1 (2021-11-29)	99966f245b0b1357	b1a64fe3fcc6ff3c237405dd4de4f667db2ae2e4f134782adc0ab9a8078aa382	pyproject.toml
Textualize/rich	9d8f9a372cc5	10.15.0	v10.15.0 (2021-11-28)	99987385af12ecdd	1dbdc550deac208ea8b11f5d74f1e5f50c0872f3fa7b59afbb77eea0e24a5fda	pyproject.toml
Textualize/rich	9d8f9a372cc5	10.5.0	v10.5.0 (2021-07-05)	5aa4691eb3b6c966	f4899b286de5ca374803e926dbef4a50315cc0de0ef59798a5f482f7ce8b56e0	pyproject.toml
Textualize/rich	9d8f9a372cc5	10.5.0	v10.6.0 (2021-07-12)	836cfd9db541408e	e83db399b7cfc687d48720757af91080b27f676bc3c54d1aa44db2140ed6338d	pyproject.toml
Textualize/rich	9d8f9a372cc5	12.5.0	v12.5.1 (2022-07-11)	643d002b8d127fdd	02cab2569d330572b7363d57cb00642bf175b601b17a57ec82384a942cc2e1a0	pyproject.toml
Textualize/rich	9d8f9a372cc5	12.5.0	v12.5.0 (2022-07-11)	857ba8dd67e95f82	cc9d554eb4fe10c2ec308ee946d2a18ac026ab893ee7f058a8dddc63062a112d	pyproject.toml
Textualize/rich	9d8f9a372cc5	6.1.0	v6.1.1 (2020-09-07)	2dcf167cf022c819	e050fb3997eb6b9ed420fc56571398bc9098726900924a475ff355ff83422af7	pyproject.toml
Textualize/rich	9d8f9a372cc5	6.1.0	v6.1.0 (2020-09-07)	e6ab763634d2534f	c7a68a6355ac5419293d7bb32663e75fc0c6fabe0db542517487a6b6eb89c492	pyproject.toml
Textualize/rich	9d8f9a372cc5	9.0.0	v9.0.0 (2020-10-18)	1408e475946cfdde	19190e345fe04daab06ee62a7a52c53cc0c7446edfebdda17ecb27543b6bff2f	pyproject.toml
Textualize/rich	9d8f9a372cc5	9.0.0	v9.0.1 (2020-10-19)	f7a760310549798d	ff2890fc16867d256b6aaa7d6b17e124d489b4ab7d563c1fe7f04b1084376829	pyproject.toml
executablebooks/markdown-it-py	6f586542653a	0.1.1	v0.1.0 (2020-03-25)	b61ff7fef8ca9edb	b325d09b00af269fb3684bd1221287d562096b7f98997efd51417fced1897e6b	markdown_it/__init__.py
executablebooks/markdown-it-py	6f586542653a	0.1.1	v0.1.1a (2020-03-25)	b8c68995754136ed	56e9348b27d438408ff38b117c5087f551b78ec56863314a2f2752b20a930622	markdown_it/__init__.py
executablebooks/markdown-it-py	6f586542653a	0.1.1	v0.1.1d (2020-03-25)	cfaaacf967ed0525	06131f5047c1df1164d5d24fcd6d3e4bd013b14e391648427ba3c4b6f95f3620	markdown_it/__init__.py
python-greenlet/greenlet	4c22fe41c284	0.4.15	0.4.15-py38-win (2020-02-05)	5dcce26656b90244	a1f76cd6e59ef45677686f51fccdf5c47014aafe222699ae121891cc91190eac	setup.py; src/greenlet/__init__.py
python-greenlet/greenlet	4c22fe41c284	0.4.15	0.4.15 (2018-09-08)	de091dcdcfd779f3	281aca68b640ceac816b098220448456b6e69ff738da580d03584acc1eb37e1a	setup.py; src/greenlet/__init__.py
pyasn1/pyasn1-modules	02f9c577bcd0	0.0.9	v0.0.9 (2017-06-01)	1867ffc18ba1f5e3	8e513f3fbd67f6ee398d13d45f8f96814ea93083c06a0005a4cfef17d0aced65	pyasn1_modules/__init__.py
pyasn1/pyasn1-modules	02f9c577bcd0	0.0.9	v0.0.10 (2017-07-27)	189504f28adad965	7f2ac3f9cedc49a3125d1581dc93eb246a047cebee0028ff666a07bcf689cf6a	pyasn1_modules/__init__.py
pypa/hatch	7c26ebeaf8b8	1.0.0rc10	hatch-v1.0.0rc10 (2022-01-19)	22964bbaf0afe24e	35eb8a9349b93db53f0bec20844f341eec445543eea253cdc8500dd603129305	(the tag); hatch/__about__.py; hatch/__init__.py; src/hatch/__about__.py
pypa/hatch	7c26ebeaf8b8	1.0.0rc10	hatchling-v0.10.0 (2022-01-20)	f12f9db3d7a8cde4	ec4499dbd772792540ecb65a19aed83561beb7b227e7a36698b81c4f92b71de3	(the tag); hatch/__about__.py; hatch/__init__.py; src/hatch/__about__.py
pypa/hatch	7c26ebeaf8b8	1.0.0rc11	hatch-v1.0.0rc11 (2022-01-23)	9e3d8c7077f4e268	7645a3495d6b55c911aada5ab7195f1be1ea2a1603e13a1ecdc0837aceceb634	(the tag); hatch/__about__.py; hatch/__init__.py; src/hatch/__about__.py
pypa/hatch	7c26ebeaf8b8	1.0.0rc11	hatchling-v0.11.0 (2022-02-04)	b8ab52e50ff161cb	8de1979e65fa4ba55750692ffb549b6fcd314ec585ed575a7e204eb3c8839a21	(the tag); hatch/__about__.py; hatch/__init__.py; src/hatch/__about__.py
pypa/hatch	7c26ebeaf8b8	1.0.0rc12	hatchling-v0.11.3 (2022-02-13)	40ea90c65f813397	ac701c3065de3cbf32f56bb1b47489c6947e3f0d0098a87ddd75897afa8d498c	(the tag); hatch/__about__.py; hatch/__init__.py; src/hatch/__about__.py
pypa/hatch	7c26ebeaf8b8	1.0.0rc12	hatchling-v0.11.1 (2022-02-05)	6dacfd478f92b38f	4dce4dcfbaded5e4d5c7c55a12d407f6d1bf2ffc673773d5d1c2000f1470b635	(the tag); hatch/__about__.py; hatch/__init__.py; src/hatch/__about__.py
pypa/hatch	7c26ebeaf8b8	1.0.0rc12	hatchling-v0.11.2 (2022-02-05)	979d6b36fdb646af	65037894ce8efb090806ae7a03696d139fa69f6e44e439e69db7e78a865b7e15	(the tag); hatch/__about__.py; hatch/__init__.py; src/hatch/__about__.py
pypa/hatch	7c26ebeaf8b8	1.0.0rc12	hatch-v1.0.0rc12 (2022-02-05)	ff0d8d5fce84dd3d	742d7b12ff17e145b096ffa8b02e53d8424296c750314533c665145015eba530	(the tag); hatch/__about__.py; hatch/__init__.py; src/hatch/__about__.py
pypa/hatch	7c26ebeaf8b8	1.0.0rc13	hatch-v1.0.0rc13 (2022-02-13)	1cd040f9c6b7911e	662f32a59361850b4f04b90ae428c09a7e9db665a997acc65004dd9a0da5e2b8	(the tag); hatch/__about__.py; hatch/__init__.py; src/hatch/__about__.py
pypa/hatch	7c26ebeaf8b8	1.0.0rc13	hatchling-v0.15.0 (2022-02-23)	1e1b62b8436372b0	c0fec52b346bb39a8e348942e5cb26a8a7b00a61d96a57efd50eb980fa134136	(the tag); hatch/__about__.py; hatch/__init__.py; src/hatch/__about__.py
pypa/hatch	7c26ebeaf8b8	1.0.0rc13	hatchling-v0.18.0 (2022-02-27)	25d9cef910301ce5	b4990e26f2925e8402a79cc45b8368ef5fd427b6d858620b8a18cd3a14d632b5	(the tag); hatch/__about__.py; hatch/__init__.py; src/hatch/__about__.py
pypa/hatch	7c26ebeaf8b8	1.0.0rc13	hatchling-v0.12.0 (2022-02-13)	31d9c256c612d01e	7d6b88b714e9258c1c01cdae3709e25e64219a76f9ad3d4d3ae18af674e63b88	(the tag); hatch/__about__.py; hatch/__init__.py; src/hatch/__about__.py
pypa/hatch	7c26ebeaf8b8	1.0.0rc13	hatchling-v0.17.0 (2022-02-26)	34552230d2111ac5	004908d5b3b21eba5c064c322672497a2a1a9953f220f499590b489fe5df2f54	(the tag); hatch/__about__.py; hatch/__init__.py; src/hatch/__about__.py
pypa/hatch	7c26ebeaf8b8	1.0.0rc13	hatchling-v0.13.0 (2022-02-16)	5580580d444cf4c1	175f5df2636d5f28813711fa5aa6a5dfcb2644af6d4daf31f923592fc85b0e88	(the tag); hatch/__about__.py; hatch/__init__.py; src/hatch/__about__.py
pypa/hatch	7c26ebeaf8b8	1.0.0rc13	hatchling-v0.19.0 (2022-03-06)	599a80eee20edccf	64abdcf321757b20e9205c85aa7ed15a4a3ca2de8d960f3f8c93a15140970361	(the tag); hatch/__about__.py; hatch/__init__.py; src/hatch/__about__.py
pypa/hatch	7c26ebeaf8b8	1.0.0rc13	hatchling-v0.14.0 (2022-02-16)	64342c2f527e8330	f831848dc686cf3146cf986b013360ad984ac66adcbcc073f708008be66c849d	(the tag); hatch/__about__.py; hatch/__init__.py; src/hatch/__about__.py
pypa/hatch	7c26ebeaf8b8	1.0.0rc13	hatchling-v0.16.0 (2022-02-26)	a135cdee3990eb92	de2b8581968e210e035ed084bb3c62f185ddf8c678b2d657b393b91ddf1beb06	(the tag); hatch/__about__.py; hatch/__init__.py; src/hatch/__about__.py
pypa/hatch	7c26ebeaf8b8	1.0.0rc14	hatchling-v0.20.1 (2022-03-07)	3b5ec79866113a55	af23673d768882e261b6dfa92168cce771be1bbc0e9e50491c28ab5dea05ebe2	(the tag); hatch/__about__.py; hatch/__init__.py; src/hatch/__about__.py
pypa/hatch	7c26ebeaf8b8	1.0.0rc14	hatchling-v0.21.0 (2022-03-17)	c16f9b5ade963d31	34b9ef0667da41c79d6601301797d663fe1b4f090c1e95c32ece6ee42faf6879	(the tag); hatch/__about__.py; hatch/__init__.py; src/hatch/__about__.py
pypa/hatch	7c26ebeaf8b8	1.0.0rc14	hatch-v1.0.0rc14 (2022-03-06)	deb48ecca941c3e9	21a6540e9f652c3fa3978626ae6231c0da53685227baec03f9671bbcfdb84f03	(the tag); hatch/__about__.py; hatch/__init__.py; src/hatch/__about__.py
pypa/hatch	7c26ebeaf8b8	1.0.0rc14	hatchling-v0.20.0 (2022-03-07)	e3bf5a6337915d3a	f8abcd1159aa07bb9942b72831df649ef31daf1103189f65a9c9bb0b83133155	(the tag); hatch/__about__.py; hatch/__init__.py; src/hatch/__about__.py
pypa/hatch	7c26ebeaf8b8	1.0.0rc16	hatchling-v0.22.0 (2022-03-26)	4e8ac1e4e7d054a5	8e57f63802b17b293a46bda27acca65c75b41b87facab0246d076a5a2c75ee0c	(the tag); hatch/__about__.py; hatch/__init__.py; src/hatch/__about__.py
pypa/hatch	7c26ebeaf8b8	1.0.0rc16	hatchling-v0.21.1 (2022-03-22)	6c27de145db02caf	fe22a1b9ee1f36d5d2e28005abd9b9c1aa495c7ca159f061323283d24545b7eb	(the tag); hatch/__about__.py; hatch/__init__.py; src/hatch/__about__.py
pypa/hatch	7c26ebeaf8b8	1.0.0rc16	hatch-v1.0.0rc16 (2022-03-20)	fe83cd0d8b46446c	4d171a61b07479d22db4fbf8a6c6be9cee7b00cb5c56927d5dbc3552718f1ed5	(the tag); hatch/__about__.py; hatch/__init__.py; src/hatch/__about__.py
pypa/hatch	7c26ebeaf8b8	1.0.0rc17	hatch-v1.0.0rc17 (2022-04-18)	7addb1fa1518a6fc	3424602792791587c7aa755090670cb3a3ae6534833ba46ddf3142225660ef40	(the tag); hatch/__about__.py; hatch/__init__.py; src/hatch/__about__.py
pypa/hatch	7c26ebeaf8b8	1.0.0rc17	hatchling-v0.23.0 (2022-04-28)	a35f85bfa7e3f6c9	a027bd819137000041deda065dbd681b24785126f0b77742c7d8317ad06c2a8a	(the tag); hatch/__about__.py; hatch/__init__.py; src/hatch/__about__.py
pypa/hatch	7c26ebeaf8b8	1.0.0rc8	hatchling-v0.8.0 (2022-01-09)	48b8bfaa3d46b144	7c785ae2db75bb82e2a902916a946e3b2f33bf9d11d730a7d8e9c285d6516b7f	(the tag); hatch/__about__.py; hatch/__init__.py; src/hatch/__about__.py
pypa/hatch	7c26ebeaf8b8	1.0.0rc8	hatch-v1.0.0rc8 (2022-01-08)	4af3d0f000370c0e	1532c7c472c09cc8f10d3962ae5548e5aad48e8f76c134aabb3876b0aa79961a	(the tag); hatch/__about__.py; hatch/__init__.py; src/hatch/__about__.py
pypa/hatch	7c26ebeaf8b8	1.0.0rc8	hatchling-v0.8.1 (2022-01-14)	7cbfcd52b3e61289	a45f80d41b9fd3fb00d55b213f4b50fbae2abf34175652ebd029b86dfae3631a	(the tag); hatch/__about__.py; hatch/__init__.py; src/hatch/__about__.py
pypa/hatch	7c26ebeaf8b8	1.0.0rc8	hatchling-v0.9.0 (2022-01-18)	9d9cfad9a8ceb998	b6589ed8816e97619a8576dcf3b0321adbfa8e20274914fbc4c42ac9e3085b3b	(the tag); hatch/__about__.py; hatch/__init__.py; src/hatch/__about__.py
pypa/hatch	7c26ebeaf8b8	1.0.0rc8	hatchling-v0.8.2 (2022-01-16)	f01c1e4f8a262a5a	59ecf1585704be8f6c355b0654b8cee5011b0cb0a3f6ae9b7302f1cd5d49fdaf	(the tag); hatch/__about__.py; hatch/__init__.py; src/hatch/__about__.py
pypa/hatch	7c26ebeaf8b8	1.1.1	hatchling-v0.25.0 (2022-05-15)	06714e9bfd7dc6cd	196d7b5b72e8fe4d4d258ba5af80c1dd4b5052a7a268ec8269827089acff374b	(the tag); hatch/__about__.py; hatch/__init__.py; src/hatch/__about__.py
pypa/hatch	7c26ebeaf8b8	1.1.1	hatchling-v1.0.0 (2022-05-17)	6e56787103785396	d2721e0e752f8253a00d5a4354e908498b0bd61c87730c7f82686542d6a6d347	(the tag); hatch/__about__.py; hatch/__init__.py; src/hatch/__about__.py
pypa/hatch	7c26ebeaf8b8	1.1.1	hatchling-v1.2.0 (2022-05-20)	96965a2802a09e2a	1cd652610806606a98798ce37508dfb7103ecdcf873e93d8656d4e24d98cd878	(the tag); hatch/__about__.py; hatch/__init__.py; src/hatch/__about__.py
pypa/hatch	7c26ebeaf8b8	1.1.1	hatchling-v0.25.1 (2022-06-14)	9ec9926679ab93b0	32adb73aa3f60eb58ac0fee1e9ce9646e62d16a82cc2b03da4ee620eb5064e5d	(the tag); hatch/__about__.py; hatch/__init__.py; src/hatch/__about__.py
pypa/hatch	7c26ebeaf8b8	1.1.1	hatch-v1.1.1 (2022-05-12)	d1f6215d41e1f973	b6acebc0ada50fc79c725d315fbbc81a67dc0055f19dfb924bc6c9f88a71b888	(the tag); hatch/__about__.py; hatch/__init__.py; src/hatch/__about__.py
pypa/hatch	7c26ebeaf8b8	1.1.1	hatchling-v1.1.0 (2022-05-19)	dfd2e8a6e3e406e1	b77c991c2fdfadc4c8351db15fa96ddf819fab7d66e51fa3c861babf1c5bd429	(the tag); hatch/__about__.py; hatch/__init__.py; src/hatch/__about__.py
pypa/hatch	7c26ebeaf8b8	1.1.2	hatchling-v1.3.0 (2022-05-22)	8a9bb349417bbd9a	09b9968e117e3c2c4aa3b61dd50ec3c058cefbe68e73c6df9f7af754f6e028e8	(the tag); hatch/__about__.py; hatch/__init__.py; src/hatch/__about__.py
pypa/hatch	7c26ebeaf8b8	1.1.2	hatch-v1.1.2 (2022-05-20)	cb536f4aa520e80f	5321220621a31f6d2128bcc293d721adf81f6b455c57da62517f01348dbb9db0	(the tag); hatch/__about__.py; hatch/__init__.py; src/hatch/__about__.py
pypa/hatch	7c26ebeaf8b8	1.18.0	hatch-v1.18.0 (2026-08-10)	c838bd6a7fd7c136	958105b02692d1a960fc794ffd3667bd59e8b95c4e1e7f9e3ce20c6e6cd9df98	(the tag); hatch/__about__.py; hatch/__init__.py; src/hatch/__about__.py
pypa/hatch	7c26ebeaf8b8	1.18.0	hatchling-v1.18.0 (2023-06-12)	cb13998917aa076c	0b9af173ad9007259134e35a8af2cb80ecad3752780041442ac63fdf58da70d5	(the tag); hatch/__about__.py; hatch/__init__.py; src/hatch/__about__.py
pypa/hatch	7c26ebeaf8b8	1.2.0	hatch-v1.2.0 (2022-05-22)	78fa5ffbd7319468	25e36b72a41646bd31fac75c1d0fb27e4edfc411bf4aa91ff5dfb516b14557df	(the tag); hatch/__about__.py; hatch/__init__.py; src/hatch/__about__.py
pypa/hatch	7c26ebeaf8b8	1.2.0	hatchling-v1.3.1 (2022-05-30)	f3ecd1df4e7ece63	695e6575b75e2f03ca1444e9b4fa09128990c551e5f97154c075b557acc2851f	(the tag); hatch/__about__.py; hatch/__init__.py; src/hatch/__about__.py
pypa/hatch	7c26ebeaf8b8	1.2.1	hatchling-v1.4.0 (2022-07-03)	0df3f375f4837d81	1cfe7c88d94aed1d086cb3dbc5cece6ab8256b4c14b90066bd8947575cdb01f8	(the tag); hatch/__about__.py; hatch/__init__.py; src/hatch/__about__.py
pypa/hatch	7c26ebeaf8b8	1.2.1	hatch-v1.2.1 (2022-05-30)	78d314a24220e8e5	c707656a3a7713f88ea336f1b7ba939981da6b975a53578116fd6eb7fc6e7338	(the tag); hatch/__about__.py; hatch/__init__.py; src/hatch/__about__.py
pypa/hatch	7c26ebeaf8b8	1.2.1	hatchling-v1.4.1 (2022-07-04)	f9aa9360f57f0616	590352cc8f80d3dc1a5e6b1504fc219c823c0f69d2b50d8e3907ddf0c2617982	(the tag); hatch/__about__.py; hatch/__init__.py; src/hatch/__about__.py
pypa/hatch	7c26ebeaf8b8	1.3.0	hatch-v1.3.0 (2022-07-10)	822aaac8b8e9e4df	c56441b770670bf485338dfdb30f1ef15927ffb0126aecb2d7e471dd66a11c58	(the tag); hatch/__about__.py; hatch/__init__.py; src/hatch/__about__.py
pypa/hatch	7c26ebeaf8b8	1.3.0	hatchling-v1.5.0 (2022-07-11)	8d1e58d04763595a	d894850d26534dc610d4d7f7c778b2d3783fbf8f974c6dd407a1c75cc944c63f	(the tag); hatch/__about__.py; hatch/__init__.py; src/hatch/__about__.py
pypa/hatch	7c26ebeaf8b8	1.3.1	hatch-v1.3.1 (2022-07-11)	5c6739939fc21b79	d2748b253e582734f888939992ad1490ec77c36e08d3ccc93474bc5adcaaa386	(the tag); hatch/__about__.py; hatch/__init__.py; src/hatch/__about__.py
pypa/hatch	7c26ebeaf8b8	1.3.1	hatchling-v1.6.0 (2022-07-23)	f9b0610472f22d40	58bebc5c7a09eb962ffa8ad78371b079de2f4823d2732b0d573217600e8e677c	(the tag); hatch/__about__.py; hatch/__init__.py; src/hatch/__about__.py
pypa/hatch	7c26ebeaf8b8	1.4.0	hatchling-v1.7.0 (2022-08-12)	26eee24fac04bc12	e294aa984becb05686d79fa3e32dc46c5dc092d903e723ce0cc59d560d800625	(the tag); hatch/__about__.py; hatch/__init__.py; src/hatch/__about__.py
pypa/hatch	7c26ebeaf8b8	1.4.0	hatchling-v1.7.1 (2022-08-13)	3531a5e9e6c98b33	70e04e29cc4978c929144cca9b27665d3d0bda2d1b3303ece547c1446ace931e	(the tag); hatch/__about__.py; hatch/__init__.py; src/hatch/__about__.py
pypa/hatch	7c26ebeaf8b8	1.4.0	hatch-v1.4.0 (2022-08-06)	e752aaf17f590989	38f38ba4eaa146579c5d06f05d75bded8eb92500df1b7405ed2588eb17c58ada	(the tag); hatch/__about__.py; hatch/__init__.py; src/hatch/__about__.py
pypa/hatch	7c26ebeaf8b8	1.4.1	hatchling-v1.8.0 (2022-08-16)	16ee15a5fa67bc4d	68cda5595d206efe629c5121eda4a3a7cbf20043ef9a46850ab6750eede75b8b	(the tag); hatch/__about__.py; hatch/__init__.py; src/hatch/__about__.py
pypa/hatch	7c26ebeaf8b8	1.4.1	hatch-v1.4.1 (2022-08-13)	1c3a894d752b1391	e1a4a45df4868b52384e0d3c43fcde6e74e1f5ad0164dc9ef763228fe76d8738	(the tag); hatch/__about__.py; hatch/__init__.py; src/hatch/__about__.py
pypa/hatch	7c26ebeaf8b8	1.4.2	hatchling-v1.8.1 (2022-08-25)	879f15ceea1a1eb6	987a1b5c4cc4d6ecac4c6c51ca40afa837f9b623399a808b7f91fcd2fbf7b933	(the tag); hatch/__about__.py; hatch/__init__.py; src/hatch/__about__.py
pypa/hatch	7c26ebeaf8b8	1.4.2	hatch-v1.4.2 (2022-08-16)	8a145d42d894a3b9	b89f25f645d16374b427e543b15266f33d1c347f98b38d3767788cf734a44af7	(the tag); hatch/__about__.py; hatch/__init__.py; src/hatch/__about__.py
pypa/hatch	7c26ebeaf8b8	1.5.0	hatch-v1.5.0 (2022-08-28)	289af5e2e82f6cfe	adeb865052e59a6fc5daa1f3efe977f71110dc9518ad7134cce05bc8bff4a775	(the tag); hatch/__about__.py; hatch/__init__.py; src/hatch/__about__.py
pypa/hatch	7c26ebeaf8b8	1.5.0	hatchling-v1.10.0 (2022-09-18)	7654b38df15d67e4	c1d1ebf45b17de3ae508de21c9b8d7217d06b33e758bf296aa1316f8f7f7707f	(the tag); hatch/__about__.py; hatch/__init__.py; src/hatch/__about__.py
pypa/hatch	7c26ebeaf8b8	1.5.0	hatchling-v1.9.0 (2022-09-09)	a91b39cb3205417f	135813840000cdfae25e7db75832ed1cf9ea494b8e9c5006767d0d2474fb38f9	(the tag); hatch/__about__.py; hatch/__init__.py; src/hatch/__about__.py
pypa/hatch	7c26ebeaf8b8	1.5.0	hatchling-v1.11.0 (2022-10-08)	fd9e0ea20f6b8fec	cf594ca1987e6e771deddabaab1be6020b84d3ddf76d61ca717790dca4140217	(the tag); hatch/__about__.py; hatch/__init__.py; src/hatch/__about__.py
pypa/hatch	7c26ebeaf8b8	1.6.1	hatchling-v1.11.1 (2022-10-19)	87faa81030120a1b	552c3356664017ab65375ee086de26f9e44723fc240ea1b33fe6ec3445acf772	(the tag); hatch/__about__.py; hatch/__init__.py; src/hatch/__about__.py
pypa/hatch	7c26ebeaf8b8	1.6.1	hatch-v1.6.1 (2022-10-16)	aef2ce6c945ac3db	0f23401418fdecb306a6c724799dd079cbd3a177253da0873fb664de86a0c18b	(the tag); hatch/__about__.py; hatch/__init__.py; src/hatch/__about__.py
pypa/hatch	7c26ebeaf8b8	1.6.3	hatchling-v1.13.0 (2023-02-09)	15aea732d9584e55	553af0311caa9b0280bf7093728f7d595246580d10f0029ea3225cd9a2e7f5db	(the tag); hatch/__about__.py; hatch/__init__.py; src/hatch/__about__.py
pypa/hatch	7c26ebeaf8b8	1.6.3	hatchling-v1.12.0 (2022-12-30)	1cf232e5613f8aca	a1c02a6f5cc7472ec6573aff7c312555ab4836bd4ac3f849c3323970dc241251	(the tag); hatch/__about__.py; hatch/__init__.py; src/hatch/__about__.py
pypa/hatch	7c26ebeaf8b8	1.6.3	hatchling-v1.14.0 (2023-04-02)	3bfd73bc58be7757	ccc8b691f7fd1cbc7349f0f335535dc44cd7fb3f0972da3419c9750f31629903	(the tag); hatch/__about__.py; hatch/__init__.py; src/hatch/__about__.py
pypa/hatch	7c26ebeaf8b8	1.6.3	hatchling-v1.12.2 (2023-01-04)	47125d58486cbf83	01ddb109df85039665af7d2cc4070f556af094057e9e7270522b87431f6b8a66	(the tag); hatch/__about__.py; hatch/__init__.py; src/hatch/__about__.py
pypa/hatch	7c26ebeaf8b8	1.6.3	hatch-v1.6.3 (2022-10-24)	a8c0d8a20083af8d	4a054e31ce921ac6b9183cfcfb4fd63f4c42712418b347fea57991ef69ae3bc4	(the tag); hatch/__about__.py; hatch/__init__.py; src/hatch/__about__.py
pypa/hatch	7c26ebeaf8b8	1.6.3	hatchling-v1.12.1 (2022-12-31)	d16e63768537239d	bef9b888a32650429e2c446112e5703a1574ac26e02ed961c53a0696dad82cea	(the tag); hatch/__about__.py; hatch/__init__.py; src/hatch/__about__.py
pypa/hatch	7c26ebeaf8b8	1.7.0	hatchling-v1.15.0 (2023-05-09)	12011715233c0470	13bd69dd76f9b1ea270d489d094b501aba4e0ff05cd52f4b5095334de30e9c5c	(the tag); hatch/__about__.py; hatch/__init__.py; src/hatch/__about__.py
pypa/hatch	7c26ebeaf8b8	1.7.0	hatchling-v1.14.1 (2023-04-23)	138ae54859d9306b	c70c2087f82bd12a0938f7253ecc471be5d3aac7f156af15c01f2c4c947c3820	(the tag); hatch/__about__.py; hatch/__init__.py; src/hatch/__about__.py
pypa/hatch	7c26ebeaf8b8	1.7.0	hatchling-v1.16.1 (2023-05-11)	167b90599ac94725	4ab3e49a1fb3c1d8eaadaf9da938fa7d36d9c3c788d4c3864458f34f04d61662	(the tag); hatch/__about__.py; hatch/__init__.py; src/hatch/__about__.py
pypa/hatch	7c26ebeaf8b8	1.7.0	hatch-v1.7.0 (2023-04-02)	97ddffa10969cbeb	582eb5271568586280264249f42b0c47c973f99d5fc707cd5bd838f6a150fd18	(the tag); hatch/__about__.py; hatch/__init__.py; src/hatch/__about__.py
pypa/hatch	7c26ebeaf8b8	1.7.0	hatchling-v1.17.1 (2023-06-03)	a4d4a35b97d79ea5	b676248b6fc35f66accfa638e3d7075046e50e4f3d8283a0c674edbb02f1b0a2	(the tag); hatch/__about__.py; hatch/__init__.py; src/hatch/__about__.py
pypa/hatch	7c26ebeaf8b8	1.7.0	hatchling-v1.16.0 (2023-05-10)	b90d1bc8a2f533dd	c279c841f9532b98371c69cebc6a067774c9e6e3b5577c85cd072c5ec183dd8b	(the tag); hatch/__about__.py; hatch/__init__.py; src/hatch/__about__.py
pypa/hatch	7c26ebeaf8b8	1.7.0	hatchling-v1.17.0 (2023-05-12)	cc61746e09630d58	5e8ab9701ea7c618486749234c879be47e1d48f86e7c07e02bb74931a240c518	(the tag); hatch/__about__.py; hatch/__init__.py; src/hatch/__about__.py
pypa/hatch	7c26ebeaf8b8	1rc2	hatchling-v0.4 (2021-12-30)	3d697ffceca49ed1	9737444926b9adbfad3ba23ed61f495027f0983d7b65902893be9fc62e208bb6	(the tag); hatch/__about__.py; hatch/__init__.py; src/hatch/__about__.py
pypa/hatch	7c26ebeaf8b8	1rc2	hatch-v1rc2 (2021-12-29)	8f4bcfb8d2d6ce5f	0059d00cc71e0c2c24b0768d3d757092ac87af132b61dfe0cf0465eb38e48859	(the tag); hatch/__about__.py; hatch/__init__.py; src/hatch/__about__.py
pypa/hatch	7c26ebeaf8b8	1rc2	hatchling-v0.3.1 (2021-12-30)	f886129e4e11d673	1827546684853a796946f1a54fa1268c4084d6dc60c5960000021dc4c7b81b04	(the tag); hatch/__about__.py; hatch/__init__.py; src/hatch/__about__.py
pypa/hatch	7c26ebeaf8b8	1rc3	hatch-v1rc3 (2021-12-30)	35128a08e17014c5	1294c43c1a83e7030613fc74146df854f07150884db44d64a8be5d52b7b58785	(the tag); hatch/__about__.py; hatch/__init__.py; src/hatch/__about__.py
pypa/hatch	7c26ebeaf8b8	1rc3	hatchling-v0.5 (2022-01-01)	5b631736f5957566	e2cb7f0892eb7b69844aa282c4f5bb730e0f990ded2d5be72cd3d511c8781c4c	(the tag); hatch/__about__.py; hatch/__init__.py; src/hatch/__about__.py
pypa/hatch	7c26ebeaf8b8	1rc5	hatchling-v0.6 (2022-01-06)	0caf01138f6e26f7	ff9a1301fe25bc4c3b5aadc5a06ece9b947b88f2aeb98c67c9c03a4fec0d71d0	(the tag); hatch/__about__.py; hatch/__init__.py; src/hatch/__about__.py
pypa/hatch	7c26ebeaf8b8	1rc5	hatch-v1rc5 (2022-01-02)	28c826cf0a360998	e7e784c40c75fb9bb1e2be5d4a3de2b0c7e8b058f0ad38b6fd0fde04b401176c	(the tag); hatch/__about__.py; hatch/__init__.py; src/hatch/__about__.py
pypa/hatch	7c26ebeaf8b8	1rc6	hatchling-v0.7.0 (2022-01-08)	02f6071251bfbd44	33dec8d9c97a8ffad8da975d18082084176d2fd11d9671c9158a9e49b2ae7806	(the tag); hatch/__about__.py; hatch/__init__.py; src/hatch/__about__.py
pypa/hatch	7c26ebeaf8b8	1rc6	hatch-v1rc6 (2022-01-06)	3a1b7b959cf0273c	81a404b8ff938dc0bdb78a298bf710ad3f35b6e21a9ec64e657b28910f2d4a27	(the tag); hatch/__about__.py; hatch/__init__.py; src/hatch/__about__.py
grpc/grpc	724b3ccb608b	0.14.2rc1	release-0_14 (2016-07-08)	1a10bb8b86398865	7f2e7a624c1bdc751fa75ff1d07f0bedf283ff6cabe3b315c385c4b0fa4bd626	src/python/grpcio/grpc_version.py
grpc/grpc	724b3ccb608b	0.14.2rc1	release-0_14_0-objective-c-0.14.0 (2016-06-27)	649b647fdffe284e	d15d4b4e60a5f2d9942e5ed1f3ecaabe78c88127492f56e84de7163fd2d5d4b2	src/python/grpcio/grpc_version.py
grpc/grpc	724b3ccb608b	0.14.2rc1	release-0_14_0-objectivec-0.14.0 (2016-06-30)	73e59b05a7eff72e	1a50fb1f37956cae80d9733d1569aa0faffa42661038aa03e7da6c7f5e6a46e4	src/python/grpcio/grpc_version.py
grpc/grpc	724b3ccb608b	0.15.1	release-0_15 (2016-07-13)	807165bf11e43c99	f9bba6c9590935a3d8307a9250a759d09e41d7da06a050bba99efc75fd5f5eef	src/python/grpcio/grpc_version.py
grpc/grpc	724b3ccb608b	0.15.1	release-0_15_1 (2016-07-01)	eb2809d2bf289a35	abd5d3ab76bfadeadb9078152fb66204bfe250a2e7cbb3001d0d88d59fe679ff	src/python/grpcio/grpc_version.py
grpc/grpc	724b3ccb608b	1.0.1	v1.0.1 (2016-10-27)	53528cb24c4f24e7	2c3f71f2e65e66b5a053a45aae7ffe03d0cdc92b51b90fd8803e312e38a2e07d	src/python/grpcio/grpc_version.py
grpc/grpc	724b3ccb608b	1.0.1	objective-c-v1.0.2 (2016-11-28)	7411152e7b32cf86	c852209c240e1b4ebcaec18eef8930ce8886fddfb13c9774b9b51128cd698006	src/python/grpcio/grpc_version.py
grpc/grpc	724b3ccb608b	1.17.1	v1.17.1 (2018-12-12)	0c3aecb528ad5c47	54cea744c99bd3fa280debb04b55a88ab2510d7e0ff241a82f78eb82f9d15390	src/python/grpcio/grpc_version.py
grpc/grpc	724b3ccb608b	1.17.1	v1.17.2 (2018-12-14)	5fde0aab4346898f	408e3b13fa7825b1178f1691ec213da18b453bcba43ccf440f524272ca96eea5	src/python/grpcio/grpc_version.py
grpc/grpc	724b3ccb608b	1.36.1	v1.36.1 (2021-03-02)	07700ca1f3a178e9	42b2227d75facc91862224f1feca667a598e71ebda40e5adf4d6f670fa560116	src/python/grpcio/grpc_version.py
grpc/grpc	724b3ccb608b	1.36.1	v1.36.3 (2021-03-15)	8d5de69752fd07bb	c62b0d5a72f7b580898ee9092ccf2dd8716b2a8a6e5c3ce347bfaf27297db2c1	src/python/grpcio/grpc_version.py
grpc/grpc	724b3ccb608b	1.36.1	v1.36.2 (2021-03-04)	c1b041d0c433a6e4	2200ca56f4372166c2bd5e4ca3303191380cef7b7fd8ddaa946c9cf9dd849b48	src/python/grpcio/grpc_version.py
lxml/lxml	429524de0c19	4.9.3	lxml-4.9.3-2 (2023-07-10)	6c44c943167cb7db	9372b13a18c2938b228d36b39c240501944e3a9800774804c29146877ce08523	setup.py; src/lxml/__init__.py
lxml/lxml	429524de0c19	4.9.3	lxml-4.9.3 (2023-07-05)	e983f9825c34d60a	aeb2d795d862ab36aaaacbd23dadb458af9de8973f4b353446a940416521f3d3	setup.py; src/lxml/__init__.py
lxml/lxml	429524de0c19	5.0.1	lxml-5.0.1-1 (2024-01-08)	4f098581de6416a3	7d34c6bbaae97bd6369982527086f53bbddf18d65f162ff2226fc823352a3f40	setup.py; src/lxml/__init__.py
lxml/lxml	429524de0c19	5.0.1	lxml-5.0.1 (2024-01-05)	8477a153d23888ae	1afe32f500ca3947670a6ecbc9877807b9643f7acc4bc1bf8af3f6a3de37366d	setup.py; src/lxml/__init__.py
lxml/lxml	429524de0c19	7.0.0b1	lxml-7.0.0b1 (2026-08-22)	1d27465cc9605b5b	a8e079ed2e5e42c3af559b2f6949b3ff728053b617edd174c6a712b71e269fa0	setup.py; src/lxml/__init__.py
lxml/lxml	429524de0c19	7.0.0b1	lxml-7.0.0b1-1 (2026-08-22)	caa3394367ea6ce4	ddcbfb448a4ea35709657c5c1077f7c6cbd1d538eb560d41228a5f9428bf06a6	setup.py; src/lxml/__init__.py
pydantic/jiter	c03ab2f9922b	0.1.0	v0.16.0 (2026-06-29)	4affcf552b31198a	a7312b0c905bfe0bca3abf43a14d1bef2b688a1969001a7a043b28a81037f636	Cargo.toml; pyproject.toml
pydantic/jiter	c03ab2f9922b	0.1.0	v0.17.0 (2026-09-12)	686752b039fc8f3c	14cd87875f42aa1969fceb044784c24e54a7e5cafc061bc1b08cc8b9e4f88252	Cargo.toml; pyproject.toml
pydantic/jiter	c03ab2f9922b	0.1.0	v0.1.0 (2024-03-20)	8fb0fb6e75dd16b4	638cda1156f631e00383b4996574483965adba0acfb0782218e6500756c36820	Cargo.toml; pyproject.toml
pydantic/jiter	c03ab2f9922b	0.1.0	v0.14.0 (2026-04-10)	b1cd1591f10bd672	f269c0187fd939f367f0a89f4a78f2db089e623519a4e26c9580a9d9bdc723df	Cargo.toml; pyproject.toml
pydantic/jiter	c03ab2f9922b	0.1.0	v0.15.0 (2026-05-19)	c1f2f6cc9366f822	21fac58061784e7833c09e978a8f2b25c1d91cfbfe2784cc73950bf0c5927a6b	Cargo.toml; pyproject.toml
pydantic/jiter	c03ab2f9922b	0.3.0	jiter-python-v0.1.0 (2024-05-16)	4652aaa76d28ff48	4a24ce45b09de2988c67d098c340c113a7304e74786970977e361fd41a020f03	Cargo.toml; pyproject.toml
pydantic/jiter	c03ab2f9922b	0.3.0	v0.3.0 (2024-04-30)	f41483e9bfe34e2c	206de47aa16f12b7dbb034d14ecb25bc8ec5952efcd19b64debf8a29bb96239a	Cargo.toml; pyproject.toml
mrabarnett/mrab-regex	0e8cb0596ba6	2024.11.6	2025.2.10 (2025-02-10)	6a87b75ff16d5260	5cc1199201ce35d6fa345060bdc1efff261281a6694a0c433d54960c35d6cb08	pyproject.toml; setup.py
mrabarnett/mrab-regex	0e8cb0596ba6	2024.11.6	2024.11.6 (2024-11-06)	777d37741c6dbbe1	802d9ae0e0a46966594f99fbc91cd2d6faa045c34156d197f947919dee863922	pyproject.toml; setup.py
mrabarnett/mrab-regex	0e8cb0596ba6	2024.11.6	2024.11.7 (2024-11-07)	bd6f4e96db3c9b7e	92d60a7539e82b8023f900991a750dc4e817aa4f4d88492afb6d4030f1805aab	pyproject.toml; setup.py
mrabarnett/mrab-regex	0e8cb0596ba6	2024.5.15	2024.6.22 (2024-06-22)	be2e21ba75c5ac11	aa0990f47cdc5561c73ca6055e1d3d6f1e2812845c3eb75050a6686b5fa8d899	pyproject.toml; setup.py
mrabarnett/mrab-regex	0e8cb0596ba6	2024.5.15	2024.5.15 (2024-05-15)	f1f2ef0adc958e54	7069ee20a45f0957198b4507642ae10a0ce9cdb0f040195ab3dea06f529190dd	pyproject.toml; setup.py
mrabarnett/mrab-regex	0e8cb0596ba6	2025.9.18	2025.9.18 (2025-09-18)	d63485fbe076e9b6	da9a290228de7ccadf172a2fa2a9fbfd21458b1c23115f8dcc9f28611970408e	pyproject.toml; setup.py
mrabarnett/mrab-regex	0e8cb0596ba6	2025.9.18	2025.10.20 (2025-10-20)	ec9d353de9702e33	ceca9f2c943cffa65bbeb5360a1a098ea155438fa213e3df82c89298454fe0f4	pyproject.toml; setup.py
mrabarnett/mrab-regex	0e8cb0596ba6	2026.2.28	2026.2.28 (2026-02-28)	1c0200351167ebab	a338470d2a349bd04bf7f0d5b332702c3d09f4b0d11976e56a932f7e65d387fd	pyproject.toml; setup.py
mrabarnett/mrab-regex	0e8cb0596ba6	2026.2.28	2026.3.27 (2026-03-27)	f1ac752a6906cbef	045d22bfa1babdc6ef6681b7683eaf19e6c19a9bd315041ec55fe42d322baf83	pyproject.toml; setup.py
mrabarnett/mrab-regex	0e8cb0596ba6	2026.9.10	2026.9.10 (2026-09-09)	0188aa8be9e5f2ed	54126e32dd31aff462ab49646b9b4f81dca1b4dacd8ab5894e45b2ab1aa235fa	pyproject.toml; setup.py
mrabarnett/mrab-regex	0e8cb0596ba6	2026.9.10	2026.9.19 (2026-09-19)	b521816f6fbbe81a	eac51c31f817a10b7d97a024fa60eb9a631340a1f5dba1766068b834892fc519	pyproject.toml; setup.py
mrabarnett/mrab-regex	0e8cb0596ba6	2026.9.3	2026.9.9 (2026-09-09)	055a1b6762ce46d3	9575ab1697713cac759f97200a44c661aa9d292cdc3b1ea64aa929954869ea11	pyproject.toml; setup.py
mrabarnett/mrab-regex	0e8cb0596ba6	2026.9.3	2026.9.3 (2026-09-01)	5b01a79919020c0b	abe3f2e73c840148191783afd2125e7c5389755c462526f0854c4249c495e919	pyproject.toml; setup.py
samuelcolvin/watchfiles	0cd8f94447a1	0.0.dev0	v0.8 (2022-03-14)	0c13ce6da30e099b	2684ee70fbcaf7380cc5b5bd9d9086f2cf49db3de6331597a2ac3ccb93e0c008	Cargo.toml; watchfiles/version.py; watchgod/version.py
samuelcolvin/watchfiles	0cd8f94447a1	0.0.dev0	v0.10a1 (2022-03-22)	254b43719334aca6	363265c1829cb00e0d108e7acfc30376a548829187d3a0d80ffc72aa52c5ff3f	Cargo.toml; watchfiles/version.py; watchgod/version.py
samuelcolvin/watchfiles	0cd8f94447a1	0.0.dev0	v0.13 (2022-04-08)	2c80ce755203837d	7a2d0ebef98d91f1c9143a8afe85ec9bfe21427170c6a300016764234eb8bf4b	Cargo.toml; watchfiles/version.py; watchgod/version.py
samuelcolvin/watchfiles	0cd8f94447a1	0.0.dev0	v0.14 (2022-05-16)	50d3428eb26afdba	6abe0ab94ab97901bf0f42e5d0c11d6f2317485ff178cb5df72e479a0c2abd79	Cargo.toml; watchfiles/version.py; watchgod/version.py
samuelcolvin/watchfiles	0cd8f94447a1	0.0.dev0	v0.8.1 (2022-03-21)	5ed6095bd1dfa4d4	449712ef6e63e49bef3a53a9e12f46f7338ae71acc6eea4e3bdf197e97ce0a45	Cargo.toml; watchfiles/version.py; watchgod/version.py
samuelcolvin/watchfiles	0cd8f94447a1	0.0.dev0	v0.11 (2022-03-30)	610234abbc7ae19a	d274015bd276f3b1bd477cd747776be09ab15584a28e8d69433fb04126dec87e	Cargo.toml; watchfiles/version.py; watchgod/version.py
samuelcolvin/watchfiles	0cd8f94447a1	0.0.dev0	v0.10 (2022-03-23)	800ffa9a5a3b5a5d	117a20a43c2f53e9ea69385d80cf00f15f6ebb37f5895b4eda07ab32d3a6388d	Cargo.toml; watchfiles/version.py; watchgod/version.py
samuelcolvin/watchfiles	0cd8f94447a1	0.0.dev0	v0.12 (2022-04-01)	c41d00eb28012f27	682169bcd0c4c65b530b49b400fdc42b1e1e601a93fca6ef78d5f9edc71c117b	Cargo.toml; watchfiles/version.py; watchgod/version.py
samuelcolvin/watchfiles	0cd8f94447a1	0.0.dev0	v0.8.2 (2022-04-01)	d535cbe5263f5f6c	60cc8547db5605ecebb7433574647a3a9aa5ab972eec570f5ad0e3b4fb33fb90	Cargo.toml; watchfiles/version.py; watchgod/version.py
samuelcolvin/watchfiles	0cd8f94447a1	0.0.dev0	v0.14.1 (2022-05-17)	f7e5e4bf39149ce3	bae29d273c6f1d126294e5c2c2d0476c0de4696791a3b1a4502ccd08d1d5ecd1	Cargo.toml; watchfiles/version.py; watchgod/version.py
astral-sh/ruff	1df6db3e463f	0.0.267	v0.0.267 (2023-05-12)	af19c22eb2aad634	087e3c62e741641d20e0e6a3f03638626507e2d9b7cb7e8010c543871e0772f2	pyproject.toml
astral-sh/ruff	1df6db3e463f	0.0.267	v0.0.268 (2023-05-18)	b4cc1b7bcbeb710d	b0d296de0f21fd8d5f01d9be820033c1121909f2efa506e83e6e59e338f6d120	pyproject.toml
openai/openai-python	becc1d20eed8	0.26.4	v0.26.4 (2023-01-26)	27926d3dd3244334	86389994d931312b4be8fc96e6b36e3cc2430cfafc025f56518db2c47472cca6	openai/version.py; pyproject.toml
openai/openai-python	becc1d20eed8	0.26.4	v0.26.5 (2023-02-07)	a30c4a4b6fa2c4c2	3c234fff593c5215bfbeb0c766551cc8b0ed9799a78ea73104f93b6f094391b7	openai/version.py; pyproject.toml
openai/openai-python	becc1d20eed8	0.27.5	v0.27.6 (2023-05-01)	d50310d1db83af83	8146e4b4d325cc45bfb5d71d33bab634d7185083ed90da72fcc5effce9884e60	openai/version.py; pyproject.toml
openai/openai-python	becc1d20eed8	0.27.5	v0.27.5 (2023-04-27)	ebffd15aa2687af0	0343d25e23747aa813a2ccb1ecfd9998c1c1301095b113afe7bacc9d1c10e0e1	openai/version.py; pyproject.toml
openai/openai-python	becc1d20eed8	0.27.9	v0.27.9 (2023-08-22)	b91b198f05670649	df10e709dd6e5a1425aac753074fb5491eb1ff46123a3f423320ef6e0a6dfedf	openai/version.py; pyproject.toml
openai/openai-python	becc1d20eed8	0.27.9	v0.27.10 (2023-08-29)	e3508781149ac5b6	c31fa3dfc80de90694a17f9dfb07f2fe9a5eb0de410006c70c3c07fcc16644e4	openai/version.py; pyproject.toml
giampaolo/psutil	7ef91833c2f8	0.5.0	release-0.5.1 (2012-06-29)	0f306e583ec9a4cc	04f7b4ed1bfcd8eb536f0b196744f6bfaeb1288271cdc1fb8afac9a73bc98619	psutil/__init__.py
giampaolo/psutil	7ef91833c2f8	0.5.0	release-0.5.0 (2012-06-27)	302df658eb7a542b	35d7a441f687d2522ab0756d0a0fd749810265bff4d3fa062cde813905b4772f	psutil/__init__.py
